{
  "CN": {
    "name": "China",
    "cities": [
      "北京",
      "上海",
      "深圳",
      "广州",
      "杭州",
      "成都",
      "重庆",
      "武汉",
      "西安",
      "南京",
      "天津",
      "苏州",
      "长沙",
      "郑州",
      "东莞",
      "青岛",
      "沈阳",
      "宁波",
      "昆明",
      "大连",
      "厦门",
      "合肥",
      "福州",
      "济南",
      "无锡",
      "佛山",
      "石家庄",
      "哈尔滨",
      "南昌",
      "温州"
    ]
  },
  "US": {
    "name": "United States",
    "cities": [
      "New York",
      "Los Angeles",
      "Chicago",
      "Houston",
      "Phoenix",
      "Philadelphia",
      "San Antonio",
      "San Diego",
      "Dallas",
      "San Jose",
      "Austin",
      "Jacksonville",
      "Fort Worth",
      "Columbus",
      "Charlotte",
      "San Francisco",
      "Indianapolis",
      "Seattle",
      "Denver",
      "Washington",
      "Boston",
      "El Paso",
      "Nashville",
      "Detroit",
      "Oklahoma City",
      "Portland",
      "Las Vegas",
      "Memphis",
      "Louisville",
      "Baltimore"
    ]
  },
  "JP": {
    "name": "Japan",
    "cities": [
      "Tokyo",
      "Osaka",
      "Kyoto",
      "Yokohama",
      "Nagoya",
      "Sapporo",
      "Fukuoka",
      "Kobe",
      "Hiroshima",
      "Sendai",
      "Kawasaki",
      "Saitama",
      "Chiba",
      "Kitakyushu",
      "Sakai",
      "Niigata",
      "Hamamatsu",
      "Shizuoka",
      "Okayama",
      "Kumamoto",
      "Kagoshima",
      "Utsunomiya",
      "Hachioji",
      "Matsuyama",
      "Kanazawa",
      "Nagasaki",
      "Toyama",
      "Gifu",
      "Oita",
      "Fukushima"
    ]
  },
  "KR": {
    "name": "South Korea",
    "cities": [
      "Seoul",
      "Busan",
      "Incheon",
      "Daegu",
      "Daejeon",
      "Gwangju",
      "Suwon",
      "Ulsan",
      "Changwon",
      "Goyang",
      "Yongin",
      "Seongnam",
      "Bucheon",
      "Ansan",
      "Anyang",
      "Jeonju",
      "Cheonan",
      "Namyangju",
      "Hwaseong",
      "Gimhae",
      "Pyeongtaek",
      "Pohang",
      "Jeju",
      "Jinju",
      "Gangneung",
      "Tongyeong",
      "Mokpo",
      "Yeosu",
      "Gunsan",
      "Suncheon"
    ]
  },
  "GB": {
    "name": "United Kingdom",
    "cities": [
      "London",
      "Birmingham",
      "Manchester",
      "Glasgow",
      "Liverpool",
      "Leeds",
      "Edinburgh",
      "Bristol",
      "Cardiff",
      "Belfast",
      "Newcastle",
      "Nottingham",
      "Sheffield",
      "Leicester",
      "Coventry",
      "Bradford",
      "Kingston upon Hull",
      "Stoke-on-Trent",
      "Wolverhampton",
      "Plymouth",
      "Derby",
      "Southampton",
      "Reading",
      "Northampton",
      "Luton",
      "Bolton",
      "Bournemouth",
      "Norwich",
      "Swindon",
      "Southend-on-Sea"
    ]
  },
  "AU": {
    "name": "Australia",
    "cities": [
      "Sydney",
      "Melbourne",
      "Brisbane",
      "Perth",
      "Adelaide",
      "Gold Coast",
      "Newcastle",
      "Canberra",
      "Sunshine Coast",
      "Wollongong",
      "Hobart",
      "Geelong",
      "Townsville",
      "Cairns",
      "Toowoomba",
      "Darwin",
      "Ballarat",
      "Bendigo",
      "Albury",
      "Launceston",
      "Mackay",
      "Rockhampton",
      "Bunbury",
      "Bundaberg",
      "Coffs Harbour",
      "Wagga Wagga",
      "Hervey Bay",
      "Port Macquarie",
      "Shepparton",
      "Gladstone"
    ]
  }
}

